사고월,사고일,합계,과로,과속,앞지르기 방법위반,앞지르기 금지위반,중앙선 침범,신호위반,안전거리 미확보,서행 및 일시정지위반,부당한 회전,통행우선 순위위반,진로양보 의무 불이행,안전운전 의무 불이행,교차로 통행방법 위반,보행자 보호의무 위반,차로위반(진로변경 위반),직진 및 우회전차의 통행방해,철길건널목 통과방법위반,긴급자동차에대한 피양의무 위반,기타(운전자법규위반),정비불량 제차의 운전금지위반
01월,합계,"16,970",-,55,1,22,862,"1,981","1,642",35,103,1,3,"9,518","1,038",646,287,486,-,-,290,-
01월,01일,427,-,4,-,-,28,45,53,1,2,-,1,228,27,7,7,15,-,-,9,-
01월,02일,507,-,1,-,1,13,53,65,1,3,-,-,288,30,24,8,15,-,-,5,-
01월,03일,579,-,1,-,-,24,65,51,1,3,-,-,332,32,26,14,20,-,-,10,-
01월,04일,543,-,3,1,1,22,53,57,2,4,-,-,311,33,24,13,10,-,-,9,-
01월,05일,549,-,2,-,2,24,62,52,1,5,-,-,311,32,23,8,15,-,-,12,-
01월,06일,591,-,2,-,4,28,80,46,4,8,-,-,307,40,23,15,13,-,-,21,-
01월,07일,560,-,1,-,-,27,67,60,1,2,-,-,309,46,18,4,15,-,-,10,-
01월,08일,429,-,5,-,1,20,62,29,-,1,-,-,237,33,16,6,11,-,-,8,-
01월,09일,467,-,-,-,-,22,50,42,1,4,-,-,261,26,24,8,18,-,-,11,-
01월,10일,551,-,5,-,-,26,64,44,1,2,-,1,297,42,30,4,23,-,-,12,-
01월,11일,567,-,-,-,-,23,71,55,1,3,-,-,319,26,26,11,19,-,-,13,-
01월,12일,556,-,2,-,-,32,72,55,2,1,-,-,292,34,27,10,19,-,-,10,-
01월,13일,620,-,1,-,1,34,77,71,-,8,-,-,321,35,28,15,20,-,-,9,-
01월,14일,583,-,3,-,-,31,70,46,2,2,-,-,334,35,18,9,22,-,-,11,-
01월,15일,476,-,1,-,-,29,61,31,2,3,-,-,272,30,17,6,17,-,-,7,-
01월,16일,680,-,3,-,1,22,83,71,1,-,1,-,388,31,26,14,31,-,-,8,-
01월,17일,581,-,-,-,2,36,73,52,1,4,-,-,314,43,20,7,17,-,-,12,-
01월,18일,614,-,4,-,-,37,75,60,2,1,-,-,343,30,26,11,18,-,-,7,-
01월,19일,558,-,1,-,2,28,60,51,-,4,-,-,332,30,18,8,15,-,-,9,-
01월,20일,562,-,2,-,-,31,63,38,1,2,-,-,352,33,15,5,9,-,-,11,-
01월,21일,526,-,-,-,-,31,64,53,2,3,-,-,301,29,14,6,12,-,-,11,-
01월,22일,447,-,1,-,-,32,59,40,-,2,-,-,260,23,10,6,8,-,-,6,-
01월,23일,681,-,2,-,-,30,66,85,1,4,-,-,388,45,27,9,14,-,-,10,-
01월,24일,726,-,4,-,-,40,92,86,-,3,-,1,398,43,30,11,12,-,-,6,-
01월,25일,776,-,1,-,-,36,69,96,-,6,-,-,448,37,32,20,17,-,-,14,-
01월,26일,812,-,1,-,4,40,75,82,1,9,-,-,460,52,38,13,20,-,-,17,-
01월,27일,466,-,-,-,1,24,43,37,1,4,-,-,274,36,20,11,11,-,-,4,-
01월,28일,340,-,-,-,1,19,37,37,-,1,-,-,194,21,1,6,16,-,-,7,-
01월,29일,358,-,3,-,1,23,65,25,1,1,-,-,194,24,5,6,8,-,-,2,-
01월,30일,374,-,1,-,-,26,40,30,2,-,-,-,210,30,14,10,7,-,-,4,-
01월,31일,464,-,1,-,-,24,65,42,2,8,-,-,243,30,19,6,19,-,-,5,-
02월,합계,"14,832",-,62,7,23,670,"1,798","1,383",42,105,1,1,"8,191",958,572,267,446,-,-,306,-
02월,01일,474,-,3,-,-,19,61,48,-,1,-,-,245,40,23,9,10,-,-,15,-
02월,02일,499,-,2,1,1,35,47,48,1,7,-,1,261,39,29,5,12,-,-,10,-
02월,03일,551,-,-,1,-,18,71,54,3,2,-,-,305,35,21,11,19,-,-,11,-
02월,04일,502,-,5,1,1,24,72,45,1,2,1,-,274,38,14,9,10,-,-,5,-
02월,05일,396,-,3,-,-,27,58,32,1,4,-,-,209,31,12,6,10,-,-,3,-
02월,06일,507,-,1,1,-,16,64,46,2,5,-,-,282,33,19,10,19,-,-,9,-
02월,07일,497,-,1,-,-,14,63,39,5,5,-,-,268,38,24,13,15,-,-,12,-
02월,08일,523,-,2,-,3,36,60,57,2,2,-,-,275,29,15,10,21,-,-,11,-
02월,09일,536,-,1,-,1,20,68,56,1,5,-,-,289,24,25,11,22,-,-,13,-
02월,10일,583,-,1,1,1,21,72,55,1,4,-,-,333,33,22,6,16,-,-,17,-
02월,11일,567,-,5,1,2,28,59,59,2,2,-,-,325,28,20,7,19,-,-,10,-
02월,12일,432,-,4,-,-,19,55,37,2,4,-,-,236,26,14,10,17,-,-,8,-
02월,13일,554,-,1,-,-,27,61,50,-,1,-,-,294,46,26,14,19,-,-,15,-
02월,14일,588,-,2,-,1,30,73,58,1,2,-,-,325,34,19,14,20,-,-,9,-
02월,15일,546,-,2,-,1,18,56,44,-,5,-,-,321,41,18,9,18,-,-,13,-
02월,16일,573,-,3,-,2,26,60,56,2,4,-,-,327,30,21,13,18,-,-,11,-
02월,17일,613,-,3,-,-,31,74,56,2,5,-,-,344,30,26,11,21,-,-,10,-
02월,18일,570,-,2,-,2,29,57,41,2,4,-,-,331,41,18,14,18,-,-,11,-
02월,19일,440,-,6,-,1,21,63,30,3,2,-,-,245,23,19,5,15,-,-,7,-
02월,20일,520,-,2,-,2,25,58,55,3,8,-,-,283,29,18,6,18,-,-,13,-
02월,21일,482,-,-,-,-,16,54,38,1,5,-,-,278,42,19,5,12,-,-,12,-
02월,22일,588,-,1,-,2,31,85,58,-,1,-,-,315,38,28,9,10,-,-,10,-
02월,23일,549,-,2,-,1,22,75,49,1,4,-,-,297,41,20,7,17,-,-,13,-
02월,24일,593,-,1,-,1,25,75,51,1,2,-,-,320,41,35,13,19,-,-,9,-
02월,25일,581,-,2,-,-,19,68,52,-,9,-,-,331,40,20,12,14,-,-,14,-
02월,26일,437,-,2,-,-,22,54,41,1,4,-,-,264,21,7,5,10,-,-,6,-
02월,27일,555,-,2,1,-,26,69,52,2,2,-,-,320,31,14,9,13,-,-,14,-
02월,28일,576,-,3,-,1,25,66,76,2,4,-,-,294,36,26,14,14,-,-,15,-
03월,합계,"17,047",-,85,12,42,811,"2,011","1,613",44,122,1,-,"9,363","1,124",584,296,559,-,-,379,1
03월,01일,511,-,3,-,-,38,78,46,3,2,-,-,261,33,22,8,11,-,-,6,-
03월,02일,527,-,1,-,-,26,71,43,-,7,-,-,275,43,17,11,19,-,-,14,-
03월,03일,616,-,2,-,2,26,76,53,3,3,-,-,319,50,27,16,24,-,-,15,-
03월,04일,544,-,3,-,2,19,66,53,2,3,-,-,310,33,17,10,18,-,-,8,-
03월,05일,436,-,2,-,-,20,56,51,-,6,-,-,236,23,8,7,15,-,-,12,-
03월,06일,558,-,4,1,1,25,66,44,1,4,-,-,317,42,15,10,16,-,-,12,-
03월,07일,552,-,1,1,1,30,57,62,2,5,-,-,299,40,17,12,17,-,-,8,-
03월,08일,507,-,5,1,4,14,58,52,6,4,-,-,280,32,18,8,19,-,-,6,-
03월,09일,556,-,2,1,-,30,62,46,-,8,-,-,304,44,27,9,9,-,-,14,-
03월,10일,612,-,2,-,1,38,60,44,3,-,-,-,344,39,31,10,22,-,-,18,-
03월,11일,564,-,5,-,-,28,68,59,-,2,-,-,323,30,12,11,14,-,-,12,-
03월,12일,444,-,2,-,-,26,49,31,-,1,-,-,257,28,12,11,12,-,-,15,-
03월,13일,527,-,2,-,3,23,71,44,1,4,-,-,286,36,20,5,16,-,-,15,1
03월,14일,542,-,4,-,3,21,52,54,1,4,-,-,304,36,19,9,21,-,-,14,-
03월,15일,602,-,3,1,3,36,73,53,-,5,-,-,324,41,19,7,21,-,-,16,-
03월,16일,554,-,7,-,-,27,63,52,1,4,-,-,294,46,24,13,11,-,-,12,-
03월,17일,613,-,2,1,-,24,75,51,-,4,-,-,326,38,24,21,26,-,-,21,-
03월,18일,586,-,2,-,2,25,58,71,1,4,-,-,334,36,15,13,16,-,-,9,-
03월,19일,473,-,2,-,1,22,54,45,1,1,-,-,265,37,15,5,19,-,-,6,-
03월,20일,554,-,1,2,3,25,64,58,-,5,-,-,304,25,25,10,20,-,-,12,-
03월,21일,554,-,5,-,2,34,75,47,2,3,-,-,293,37,18,6,19,-,-,13,-
03월,22일,571,-,1,-,-,26,61,55,-,7,-,-,311,47,25,9,19,-,-,10,-
03월,23일,581,-,2,-,2,28,83,51,1,4,-,-,311,37,19,13,14,-,-,16,-
03월,24일,631,-,3,-,3,25,75,63,4,6,-,-,359,41,14,7,15,-,-,16,-
03월,25일,586,-,7,1,2,35,87,60,2,8,-,-,293,35,18,4,20,-,-,14,-
03월,26일,431,-,3,-,1,24,48,42,1,1,-,-,247,26,14,6,11,-,-,7,-
03월,27일,522,-,3,-,1,16,60,59,2,4,1,-,279,37,20,7,20,-,-,13,-
03월,28일,535,-,3,1,3,33,53,41,2,4,-,-,302,28,17,10,25,-,-,13,-
03월,29일,549,-,-,-,1,20,52,56,2,2,-,-,311,39,22,11,23,-,-,10,-
03월,30일,568,-,-,1,1,23,66,55,-,5,-,-,330,29,15,11,22,-,-,10,-
03월,31일,641,-,3,1,-,24,74,72,3,2,-,-,365,36,18,6,25,-,-,12,-
04월,합계,"17,717",1,73,10,23,835,"1,931","1,663",38,119,2,2,"9,950","1,167",632,336,523,-,-,411,1
04월,01일,572,-,5,-,-,32,69,48,2,1,-,-,315,41,16,13,18,-,-,12,-
04월,02일,463,-,1,-,-,22,49,45,-,2,-,-,262,37,13,13,13,-,-,6,-
04월,03일,590,-,1,-,1,23,54,49,1,3,-,-,335,44,29,13,22,-,-,15,-
04월,04일,513,-,3,-,-,22,54,42,2,7,-,-,288,38,25,11,11,-,-,10,-
04월,05일,694,-,4,1,3,46,95,76,2,1,-,-,338,35,41,13,23,-,-,16,-
04월,06일,606,-,4,1,-,30,59,56,1,4,-,-,353,32,25,9,15,-,-,17,-
04월,07일,627,-,3,-,1,21,71,66,3,6,1,1,337,29,30,11,33,-,-,14,-
04월,08일,645,-,2,1,1,33,60,55,2,2,-,-,376,48,17,9,11,-,-,28,-
04월,09일,460,-,4,-,-,30,49,54,2,1,-,-,255,25,10,10,12,-,-,8,-
04월,10일,613,-,1,-,6,15,61,54,1,4,-,-,353,38,28,13,21,-,-,18,-
04월,11일,634,-,2,-,1,22,78,57,2,5,-,-,355,40,22,10,25,-,-,15,-
04월,12일,601,-,1,-,-,25,67,71,-,2,-,-,339,38,21,12,17,-,-,8,-
04월,13일,556,-,-,-,-,25,54,57,1,4,-,-,316,30,25,14,21,-,-,9,-
04월,14일,577,-,3,-,-,33,69,50,-,3,-,-,303,50,30,10,12,-,-,14,-
04월,15일,631,-,1,-,-,21,72,48,1,7,-,-,357,48,20,13,27,-,-,16,-
04월,16일,522,-,4,1,-,28,58,37,2,5,-,-,313,28,13,4,13,-,-,16,-
04월,17일,581,-,4,-,-,42,54,54,2,2,-,-,337,35,21,10,11,-,-,9,-
04월,18일,595,-,3,-,-,34,76,59,-,-,-,-,315,38,18,24,17,-,-,11,-
04월,19일,648,1,3,-,-,34,76,67,3,9,-,-,353,40,18,13,14,-,-,17,-
04월,20일,527,-,1,-,1,20,57,54,-,2,-,-,312,35,15,9,11,-,-,10,-
04월,21일,624,-,2,1,1,30,81,60,-,5,-,1,337,49,17,7,18,-,-,15,-
04월,22일,625,-,3,1,1,34,68,60,1,8,-,-,357,35,11,13,18,-,-,15,-
04월,23일,530,-,3,-,-,20,54,44,2,2,-,-,326,30,13,11,12,-,-,13,-
04월,24일,615,-,-,1,1,29,54,43,3,7,1,-,354,49,23,12,20,-,-,18,-
04월,25일,536,-,2,-,1,26,59,56,2,5,-,-,297,38,11,9,19,-,-,10,1
04월,26일,635,-,3,2,-,28,69,69,1,6,-,-,358,46,19,10,12,-,-,12,-
04월,27일,640,-,1,-,2,27,74,66,-,6,-,-,342,47,25,17,21,-,-,12,-
04월,28일,688,-,3,1,-,24,68,64,2,5,-,-,382,59,31,10,16,-,-,23,-
04월,29일,677,-,1,-,1,31,70,62,-,4,-,-,395,42,31,8,23,-,-,9,-
04월,30일,492,-,5,-,2,28,52,40,-,1,-,-,290,23,14,5,17,-,-,15,-
05월,합계,"18,502",-,86,17,39,839,"2,007","1,660",32,138,-,1,"10,452","1,244",571,314,615,-,1,484,2
05월,01일,579,-,5,-,1,26,61,47,-,4,-,-,343,32,19,5,25,-,-,11,-
05월,02일,609,-,-,1,2,23,51,61,1,7,-,-,355,45,23,12,13,-,-,15,-
05월,03일,553,-,3,2,1,30,48,53,1,5,-,-,309,43,18,9,20,-,-,11,-
05월,04일,630,-,3,1,2,29,87,62,1,3,-,-,327,56,16,9,20,-,1,13,-
05월,05일,554,-,1,-,1,34,61,49,1,3,-,-,310,38,17,13,16,-,-,10,-
05월,06일,556,-,4,2,4,35,64,47,2,3,-,-,316,27,11,12,23,-,-,6,-
05월,07일,442,-,1,-,-,23,51,35,-,4,-,-,265,25,10,5,15,-,-,8,-
05월,08일,626,-,1,-,1,26,58,57,2,5,-,-,349,51,22,15,19,-,-,20,-
05월,09일,555,-,3,-,1,21,62,48,3,6,-,-,321,34,18,9,14,-,-,15,-
05월,10일,513,-,2,-,-,19,59,49,1,4,-,-,288,43,14,4,10,-,-,20,-
05월,11일,596,-,2,-,-,31,75,48,-,5,-,-,330,37,14,14,17,-,-,23,-
05월,12일,611,-,4,-,3,16,86,63,2,3,-,-,329,38,19,8,22,-,-,18,-
05월,13일,620,-,1,3,1,30,82,52,1,3,-,-,341,38,19,16,21,-,-,12,-
05월,14일,496,-,3,-,-,27,56,35,2,2,-,1,287,40,9,8,18,-,-,8,-
05월,15일,622,-,1,1,1,22,70,67,-,2,-,-,359,35,20,8,18,-,-,18,-
05월,16일,596,-,2,-,1,30,74,33,-,4,-,-,347,39,15,9,25,-,-,17,-
05월,17일,612,-,2,-,1,30,55,53,-,5,-,-,339,52,24,10,19,-,-,22,-
05월,18일,647,-,4,-,6,21,66,65,2,6,-,-,360,51,21,14,15,-,-,16,-
05월,19일,718,-,3,1,3,32,64,73,-,6,-,-,407,53,23,12,20,-,-,21,-
05월,20일,632,-,6,1,-,25,64,73,1,5,-,-,367,39,10,6,19,-,-,16,-
05월,21일,531,-,5,-,2,28,74,37,1,6,-,-,290,41,5,5,18,-,-,18,1
05월,22일,641,-,3,-,1,30,60,58,1,4,-,-,369,33,29,11,24,-,-,17,1
05월,23일,628,-,3,-,1,35,67,67,1,6,-,-,331,37,22,14,25,-,-,19,-
05월,24일,629,-,4,-,-,31,62,69,1,5,-,-,330,44,31,11,22,-,-,19,-
05월,25일,621,-,9,3,1,27,60,43,1,1,-,-,361,30,22,16,30,-,-,17,-
05월,26일,728,-,2,-,1,29,76,59,-,5,-,-,417,44,32,14,27,-,-,22,-
05월,27일,681,-,3,-,-,29,60,65,3,3,-,-,412,45,18,10,18,-,-,15,-
05월,28일,515,-,-,1,-,23,69,40,1,9,-,-,290,37,12,6,14,-,-,13,-
05월,29일,596,-,-,-,-,26,60,52,1,5,-,-,349,41,25,8,19,-,-,10,-
05월,30일,584,-,3,1,3,23,56,50,-,6,-,-,329,41,17,10,24,-,-,21,-
05월,31일,581,-,3,-,1,28,69,50,2,3,-,-,325,35,16,11,25,-,-,13,-
06월,합계,"18,047",-,71,11,38,812,"1,953","1,699",41,129,1,6,"10,100","1,214",611,328,610,-,-,423,-
06월,01일,598,-,1,-,2,27,66,78,3,4,-,-,303,35,31,12,20,-,-,16,-
06월,02일,661,-,2,1,2,23,63,66,1,4,1,-,361,57,28,14,19,-,-,19,-
06월,03일,656,-,1,-,2,36,69,76,2,2,-,-,362,44,15,9,25,-,-,13,-
06월,04일,498,-,4,-,-,34,79,44,1,2,-,1,259,24,9,13,15,-,-,13,-
06월,05일,647,-,4,-,2,27,75,61,1,5,-,-,350,44,28,5,22,-,-,23,-
06월,06일,553,-,3,-,3,25,68,40,1,1,-,-,329,35,9,13,18,-,-,8,-
06월,07일,569,-,2,-,1,23,64,48,1,5,-,-,319,32,24,11,22,-,-,17,-
06월,08일,569,-,3,-,1,23,58,59,-,6,-,-,333,42,15,9,10,-,-,10,-
06월,09일,607,-,2,1,-,27,67,60,2,7,-,-,330,32,23,12,23,-,-,21,-
06월,10일,615,-,4,1,-,29,59,60,2,4,-,-,355,37,12,12,21,-,-,19,-
06월,11일,520,-,3,1,-,29,66,31,1,5,-,1,293,34,12,10,18,-,-,16,-
06월,12일,569,-,3,-,1,24,56,53,-,4,-,-,332,47,12,9,17,-,-,11,-
06월,13일,607,-,1,-,3,32,59,59,-,3,-,-,341,43,19,12,14,-,-,21,-
06월,14일,662,-,4,1,-,29,77,62,3,5,-,-,336,61,23,8,35,-,-,18,-
06월,15일,646,-,3,-,1,22,62,66,2,3,-,-,372,43,24,13,23,-,-,12,-
06월,16일,633,-,4,-,3,31,66,55,1,4,-,-,365,36,21,15,16,-,-,16,-
06월,17일,663,-,3,1,-,37,74,71,1,5,-,2,353,45,21,9,23,-,-,18,-
06월,18일,486,-,3,-,-,27,59,50,1,4,-,-,275,33,8,7,15,-,-,4,-
06월,19일,647,-,2,-,-,26,64,49,2,3,-,-,374,50,26,9,22,-,-,20,-
06월,20일,629,-,-,1,2,24,63,51,3,6,-,-,369,36,31,11,19,-,-,13,-
06월,21일,567,-,1,2,-,23,63,48,1,6,-,-,313,37,25,8,28,-,-,12,-
06월,22일,636,-,1,-,1,27,59,53,5,5,-,1,381,49,18,10,15,-,-,11,-
06월,23일,694,-,-,1,3,28,72,71,1,5,-,-,395,37,31,13,20,-,-,17,-
06월,24일,598,-,5,-,1,21,62,54,1,6,-,-,357,37,19,8,15,-,-,12,-
06월,25일,446,-,3,-,1,23,47,39,-,2,-,-,247,36,14,9,17,-,-,8,-
06월,26일,605,-,-,-,2,25,58,58,-,2,-,-,351,39,23,11,21,-,-,15,-
06월,27일,612,-,3,-,2,27,79,49,-,3,-,-,337,37,25,15,26,-,-,9,-
06월,28일,587,-,1,-,3,23,63,63,3,8,-,-,321,43,27,6,18,-,-,8,-
06월,29일,586,-,3,1,-,23,59,57,2,3,-,-,321,48,22,14,24,-,-,9,-
06월,30일,681,-,2,-,2,37,77,68,-,7,-,1,366,41,16,21,29,-,-,14,-
07월,합계,"18,158",-,78,10,37,887,"1,968","1,713",40,112,-,11,"10,138","1,207",576,322,607,1,-,447,4
07월,01일,605,-,-,-,1,32,58,62,2,3,-,-,344,41,13,8,23,-,-,17,1
07월,02일,489,-,3,-,-,28,58,45,-,2,-,1,281,29,10,9,10,-,-,13,-
07월,03일,607,-,1,-,-,29,64,53,-,4,-,-,345,38,16,13,23,-,-,21,-
07월,04일,565,-,3,-,1,26,51,57,2,4,-,-,334,36,21,8,12,-,-,9,1
07월,05일,606,-,1,-,-,28,73,66,-,7,-,1,324,31,15,11,22,-,-,26,1
07월,06일,553,-,2,-,-,28,54,54,1,1,-,-,314,42,17,12,20,-,-,7,1
07월,07일,664,-,1,1,2,35,66,60,-,2,-,1,347,59,31,16,23,-,-,20,-
07월,08일,590,-,3,-,1,27,79,57,-,4,-,-,336,29,17,10,19,-,-,8,-
07월,09일,464,-,4,1,1,20,51,43,2,4,-,-,252,41,11,6,19,-,-,9,-
07월,10일,585,-,2,-,2,25,60,54,2,1,-,-,333,41,27,8,16,-,-,14,-
07월,11일,609,-,1,-,3,19,48,60,2,5,-,-,359,29,36,14,20,-,-,13,-
07월,12일,629,-,4,-,1,34,65,54,2,2,-,-,364,29,21,14,25,1,-,13,-
07월,13일,574,-,2,1,1,33,69,57,1,2,-,-,322,34,16,10,12,-,-,14,-
07월,14일,614,-,3,-,1,27,60,62,6,4,-,-,324,43,26,16,24,-,-,18,-
07월,15일,605,-,3,1,1,37,64,49,1,5,-,1,343,38,17,14,17,-,-,14,-
07월,16일,506,-,8,-,1,30,58,47,2,1,-,2,275,35,10,11,15,-,-,11,-
07월,17일,608,-,3,1,-,26,61,58,-,4,-,1,345,41,20,9,20,-,-,19,-
07월,18일,536,-,-,-,1,21,56,48,-,2,-,-,322,31,21,11,16,-,-,7,-
07월,19일,597,-,1,1,2,32,76,46,-,3,-,1,334,33,20,6,24,-,-,18,-
07월,20일,599,-,1,2,1,31,77,54,-,4,-,-,332,42,15,10,15,-,-,15,-
07월,21일,648,-,1,-,-,28,66,71,2,8,-,-,353,47,22,10,18,-,-,22,-
07월,22일,647,-,4,-,4,36,68,76,1,3,-,-,333,54,13,9,29,-,-,17,-
07월,23일,459,-,2,-,2,28,52,43,2,4,-,-,258,30,14,4,14,-,-,6,-
07월,24일,576,-,4,-,2,22,59,50,1,6,-,-,324,49,20,11,16,-,-,12,-
07월,25일,631,-,2,-,1,25,78,53,1,3,-,1,357,56,15,8,19,-,-,12,-
07월,26일,660,-,4,1,-,27,70,62,1,4,-,-,377,40,26,10,25,-,-,13,-
07월,27일,639,-,1,-,1,34,65,63,3,10,-,-,342,39,19,9,35,-,-,18,-
07월,28일,657,-,5,1,1,29,76,66,1,-,-,2,347,42,23,16,29,-,-,19,-
07월,29일,608,-,5,-,4,32,67,55,4,1,-,-,342,43,14,11,15,-,-,15,-
07월,30일,441,-,-,-,1,25,53,28,1,6,-,-,259,22,6,9,14,-,-,17,-
07월,31일,587,-,4,-,1,33,66,60,-,3,-,-,316,43,24,9,18,-,-,10,-
08월,합계,"18,682",1,59,11,29,845,"2,088","1,817",45,140,-,5,"10,453","1,250",589,312,581,-,1,456,-
08월,01일,570,-,3,-,-,23,65,63,1,3,-,1,307,42,18,11,16,-,-,17,-
08월,02일,553,-,2,-,-,29,58,42,2,10,-,-,300,37,26,10,19,-,-,18,-
08월,03일,624,-,2,-,3,25,80,62,3,5,-,-,342,35,22,7,20,-,-,18,-
08월,04일,655,-,2,2,2,30,64,57,3,4,-,-,374,48,16,18,22,-,-,13,-
08월,05일,616,-,4,-,1,37,58,67,-,5,-,-,348,46,12,12,13,-,-,13,-
08월,06일,463,-,2,2,-,19,58,39,1,7,-,-,257,44,5,6,14,-,-,9,-
08월,07일,592,-,3,-,1,19,60,57,-,6,-,1,359,38,8,8,19,-,-,13,-
08월,08일,576,1,1,-,-,20,66,53,1,4,-,-,313,48,17,8,27,-,-,17,-
08월,09일,658,-,1,-,-,22,72,61,2,6,-,1,368,49,26,12,20,-,-,18,-
08월,10일,665,-,1,1,1,40,69,74,1,2,-,-,377,44,17,7,19,-,-,12,-
08월,11일,706,-,3,1,-,40,76,74,-,5,-,-,396,48,21,8,16,-,-,18,-
08월,12일,575,-,1,-,3,31,79,34,-,4,-,1,323,40,9,15,21,-,-,14,-
08월,13일,453,-,-,-,3,30,54,44,1,-,-,-,259,23,13,3,17,-,-,6,-
08월,14일,705,-,5,-,-,36,84,69,2,5,-,-,376,49,26,11,23,-,-,19,-
08월,15일,522,-,2,-,-,19,66,37,2,2,-,-,301,40,18,6,17,-,-,12,-
08월,16일,588,-,1,1,2,29,57,65,2,2,-,-,314,52,20,12,18,-,-,13,-
08월,17일,600,-,3,-,1,22,63,67,1,3,-,-,341,28,26,6,19,-,-,20,-
08월,18일,601,-,-,2,1,28,69,58,4,4,-,-,337,44,22,6,17,-,-,9,-
08월,19일,575,-,1,1,-,26,66,46,-,6,-,-,330,42,15,12,16,-,-,14,-
08월,20일,513,-,4,-,1,25,60,52,1,2,-,-,291,32,14,9,14,-,-,8,-
08월,21일,642,-,1,-,1,36,73,74,3,2,-,-,365,24,24,12,17,-,-,10,-
08월,22일,628,-,-,1,1,17,61,67,-,4,-,-,350,49,27,14,23,-,-,14,-
08월,23일,626,-,4,-,1,27,87,66,2,6,-,-,335,27,24,14,18,-,-,15,-
08월,24일,642,-,3,-,2,26,72,65,-,4,-,-,351,53,23,8,15,-,-,20,-
08월,25일,696,-,2,-,-,30,77,73,-,5,-,-,375,54,24,12,27,-,-,17,-
08월,26일,682,-,3,-,1,35,61,66,2,8,-,-,396,43,17,14,15,-,-,21,-
08월,27일,471,-,1,-,-,28,57,38,2,7,-,-,277,29,9,4,10,-,-,9,-
08월,28일,635,-,1,-,2,27,62,66,3,9,-,1,345,36,20,21,22,-,-,20,-
08월,29일,629,-,2,-,1,22,78,64,2,5,-,-,348,37,22,9,26,-,-,13,-
08월,30일,577,-,-,-,1,27,61,56,1,2,-,-,331,27,17,10,19,-,1,24,-
08월,31일,644,-,1,-,-,20,75,61,3,3,-,-,367,42,31,7,22,-,-,12,-
09월,합계,"19,891",-,86,5,34,944,"2,225","1,742",44,131,1,5,"11,292","1,355",652,359,558,-,-,456,2
09월,01일,770,-,4,-,2,36,100,69,-,3,-,-,416,57,27,17,23,-,-,16,-
09월,02일,667,-,3,-,3,37,78,52,1,4,-,-,392,39,6,11,20,-,-,21,-
09월,03일,498,-,1,-,-,23,64,54,1,6,-,1,270,35,6,8,19,-,-,10,-
09월,04일,584,-,-,-,3,14,70,49,1,5,-,1,336,43,24,8,17,-,-,13,-
09월,05일,584,-,4,-,-,35,58,51,-,2,-,-,324,48,20,11,13,-,-,18,-
09월,06일,650,-,1,-,-,28,77,62,3,5,-,-,349,47,37,14,18,-,-,9,-
09월,07일,603,-,5,-,-,40,72,62,3,2,-,-,309,50,23,9,10,-,-,18,-
09월,08일,704,-,2,1,2,30,68,76,1,10,-,1,404,47,15,18,13,-,-,16,-
09월,09일,659,-,4,-,1,37,71,58,-,3,-,1,371,56,15,14,20,-,-,8,-
09월,10일,533,-,3,-,1,27,69,42,-,5,-,-,317,26,15,6,15,-,-,7,-
09월,11일,657,-,7,1,1,29,76,61,3,1,-,-,351,52,23,13,23,-,-,16,-
09월,12일,585,-,5,-,2,21,78,49,1,4,1,-,308,43,28,16,13,-,-,16,-
09월,13일,668,-,2,-,1,26,75,56,1,7,-,-,385,45,22,17,20,-,-,11,-
09월,14일,723,-,4,-,1,30,89,68,1,7,-,-,412,47,20,8,21,-,-,15,-
09월,15일,712,-,3,1,1,34,69,65,5,6,-,-,404,31,28,15,23,-,-,26,1
09월,16일,632,-,6,-,2,40,65,56,-,2,-,-,373,36,10,9,22,-,-,11,-
09월,17일,525,-,2,-,2,45,56,39,1,4,-,-,312,31,10,6,9,-,-,8,-
09월,18일,724,-,5,-,2,35,75,65,2,4,-,1,407,51,30,12,22,-,-,13,-
09월,19일,599,-,2,-,1,29,48,45,1,1,-,-,359,44,25,13,19,-,-,12,-
09월,20일,739,-,1,-,1,33,77,74,2,3,-,-,435,48,28,9,16,-,-,12,-
09월,21일,702,-,3,-,1,24,77,53,3,8,-,-,400,52,25,12,24,-,-,20,-
09월,22일,754,-,1,2,1,34,72,65,1,3,-,-,432,63,21,17,23,-,-,19,-
09월,23일,732,-,3,-,-,31,77,50,1,2,-,-,433,59,20,15,24,-,-,17,-
09월,24일,543,-,1,-,1,26,61,44,3,4,-,-,319,35,15,7,15,-,-,12,-
09월,25일,675,-,2,-,2,24,76,55,1,2,-,-,390,39,33,13,17,-,-,21,-
09월,26일,701,-,2,-,-,38,87,56,2,5,-,-,385,43,34,13,20,-,-,16,-
09월,27일,706,-,-,-,1,35,81,83,1,3,-,-,405,41,20,9,18,-,-,9,-
09월,28일,753,-,3,-,-,30,89,58,1,9,-,-,434,49,24,11,18,-,-,27,-
09월,29일,849,-,3,-,1,46,96,74,1,8,-,-,477,54,28,17,21,-,-,22,1
09월,30일,660,-,4,-,1,27,74,51,3,3,-,-,383,44,20,11,22,-,-,17,-
10월,합계,"18,863",-,68,11,27,902,"2,130","1,710",41,131,2,3,"10,739","1,179",617,371,532,-,-,400,-
10월,01일,581,-,2,-,1,42,79,52,-,1,-,-,323,34,17,10,12,-,-,8,-
10월,02일,682,-,5,-,-,35,77,46,4,6,-,-,402,45,26,14,10,-,-,12,-
10월,03일,417,-,2,1,1,22,45,34,1,3,-,-,248,25,4,8,12,-,-,11,-
10월,04일,379,-,2,1,-,20,43,37,1,1,-,-,221,27,3,7,14,-,-,2,-
10월,05일,390,-,1,-,-,21,40,23,1,1,-,-,247,21,12,6,12,-,-,5,-
10월,06일,432,-,1,-,-,21,52,37,1,1,-,-,266,24,2,7,15,-,-,5,-
10월,07일,507,-,1,2,2,26,51,50,4,6,1,-,283,36,9,16,12,-,-,8,-
10월,08일,420,-,1,-,1,23,57,36,-,5,-,-,228,26,7,10,14,-,-,12,-
10월,09일,445,-,1,-,1,24,57,33,2,1,-,-,240,30,13,13,16,-,-,14,-
10월,10일,589,-,2,-,1,27,73,42,1,3,-,-,339,40,23,15,14,-,-,9,-
10월,11일,597,-,2,-,1,27,65,48,-,3,-,-,350,45,19,12,14,-,-,11,-
10월,12일,619,-,2,-,2,34,70,52,2,1,-,-,348,47,19,11,16,-,-,15,-
10월,13일,699,-,1,-,1,30,84,68,-,5,-,-,388,42,25,12,17,-,-,26,-
10월,14일,644,-,2,-,3,28,85,56,1,3,-,-,373,41,14,13,9,-,-,16,-
10월,15일,487,-,3,-,-,19,65,44,1,2,-,-,288,23,15,6,9,-,-,12,-
10월,16일,587,-,3,-,3,19,62,56,-,3,-,-,343,29,22,7,26,-,-,14,-
10월,17일,654,-,4,-,2,24,69,56,2,5,-,-,355,51,34,22,14,-,-,16,-
10월,18일,613,-,3,-,-,30,63,60,1,6,-,-,334,37,30,9,28,-,-,12,-
10월,19일,657,-,3,-,1,35,60,62,-,7,-,-,398,35,19,12,14,-,-,11,-
10월,20일,784,-,3,1,1,30,76,80,-,5,-,-,458,50,24,7,31,-,-,18,-
10월,21일,751,-,3,-,2,33,78,87,-,10,-,1,427,31,25,11,19,-,-,24,-
10월,22일,577,-,2,1,-,38,65,48,1,1,-,-,334,40,10,9,21,-,-,7,-
10월,23일,701,-,3,-,2,27,71,66,2,5,-,-,388,44,37,19,24,-,-,13,-
10월,24일,698,-,2,-,-,30,82,67,2,5,-,-,395,39,25,17,19,-,-,15,-
10월,25일,731,-,3,1,-,23,86,78,1,6,-,-,421,43,21,6,17,-,-,25,-
10월,26일,638,-,1,1,-,33,57,57,6,5,-,-,373,40,27,9,19,-,-,10,-
10월,27일,781,-,2,1,1,38,87,81,3,5,1,-,430,41,23,19,24,-,-,25,-
10월,28일,771,-,2,-,-,38,78,87,-,7,-,1,444,44,21,20,16,-,-,13,-
10월,29일,544,-,3,1,-,30,75,44,1,3,-,1,300,29,15,14,18,-,-,10,-
10월,30일,741,-,-,-,1,41,102,64,2,8,-,-,393,56,37,15,17,-,-,5,-
10월,31일,747,-,3,1,-,34,76,59,1,8,-,-,402,64,39,15,29,-,-,16,-
11월,합계,"19,377",-,67,7,40,940,"2,159","1,788",45,139,-,2,"10,810","1,335",717,381,564,-,-,381,2
11월,01일,715,-,2,-,-,42,66,57,1,5,-,-,416,59,21,5,25,-,-,16,-
11월,02일,581,-,2,1,1,30,53,57,1,2,-,-,331,40,22,11,15,-,-,15,-
11월,03일,753,-,3,1,2,32,78,78,6,5,-,-,439,40,28,14,21,-,-,6,-
11월,04일,637,-,3,1,-,28,65,64,-,5,-,-,376,40,13,18,9,-,-,15,-
11월,05일,521,-,4,-,4,29,56,34,2,5,-,-,284,39,21,16,18,-,-,9,-
11월,06일,628,-,2,-,1,28,67,63,-,11,-,-,355,34,21,12,18,-,-,15,1
11월,07일,642,-,4,-,1,31,74,57,-,3,-,-,350,43,30,10,23,-,-,16,-
11월,08일,693,-,2,-,1,43,72,56,1,7,-,-,380,53,30,12,14,-,-,22,-
11월,09일,675,-,4,-,2,35,76,70,-,1,-,-,372,50,25,11,17,-,-,12,-
11월,10일,722,-,3,-,-,27,73,76,3,4,-,1,409,56,27,20,18,-,-,5,-
11월,11일,698,-,4,-,2,44,79,72,2,7,-,-,381,45,23,13,15,-,-,11,-
11월,12일,561,-,2,-,3,32,57,37,2,2,-,-,337,27,13,16,25,-,-,8,-
11월,13일,642,-,1,-,3,25,83,36,1,6,-,-,357,54,15,22,23,-,-,15,1
11월,14일,664,-,5,-,3,29,63,56,1,2,-,-,375,43,35,15,19,-,-,18,-
11월,15일,672,-,2,-,-,28,84,62,1,4,-,-,373,43,29,15,20,-,-,11,-
11월,16일,627,-,2,-,1,28,65,59,2,2,-,-,350,50,21,14,20,-,-,13,-
11월,17일,729,-,3,-,1,42,85,70,2,5,-,-,381,60,31,13,22,-,-,14,-
11월,18일,687,-,1,1,3,26,91,77,2,6,-,-,373,44,21,8,20,-,-,14,-
11월,19일,504,-,2,-,-,25,60,44,6,2,-,-,294,30,12,6,15,-,-,8,-
11월,20일,701,-,4,-,1,30,83,65,1,8,-,-,369,61,29,11,26,-,-,13,-
11월,21일,640,-,1,-,2,40,72,69,1,4,-,-,347,46,23,8,10,-,-,17,-
11월,22일,693,-,2,-,1,32,83,67,-,3,-,-,397,50,19,10,20,-,-,9,-
11월,23일,646,-,1,-,1,33,82,57,1,6,-,1,343,42,31,22,17,-,-,9,-
11월,24일,786,-,2,-,1,38,78,80,-,4,-,-,442,56,31,16,24,-,-,14,-
11월,25일,674,-,2,-,1,30,83,62,-,7,-,-,395,42,29,8,9,-,-,6,-
11월,26일,479,-,-,-,1,22,52,45,2,3,-,-,283,20,22,4,14,-,-,11,-
11월,27일,602,-,1,-,2,23,75,54,3,4,-,-,323,41,23,13,26,-,-,14,-
11월,28일,562,-,-,1,-,20,63,56,-,7,-,-,302,41,22,18,20,-,-,12,-
11월,29일,596,-,2,1,1,32,66,45,3,4,-,-,324,45,28,10,18,-,-,17,-
11월,30일,647,-,1,1,1,36,75,63,1,5,-,-,352,41,22,10,23,-,-,16,-
12월,합계,"18,249",-,49,9,21,837,"2,107","1,623",44,93,1,3,"10,316","1,158",749,340,526,2,-,370,1
12월,01일,730,-,-,-,-,31,75,81,2,1,-,-,403,44,34,18,23,-,-,18,-
12월,02일,635,-,1,-,-,26,77,64,2,5,-,-,353,38,18,13,29,-,-,9,-
12월,03일,476,-,2,-,-,16,55,34,-,4,-,-,276,47,15,5,14,-,-,8,-
12월,04일,610,-,3,-,-,30,70,47,3,1,-,-,354,35,30,8,21,-,-,8,-
12월,05일,580,-,1,-,1,26,57,54,1,1,-,-,323,43,32,12,18,-,-,11,-
12월,06일,735,-,2,1,1,32,79,74,-,3,-,-,420,47,35,13,16,-,-,12,-
12월,07일,603,-,-,-,3,24,68,58,-,4,-,-,363,28,16,7,17,-,-,15,-
12월,08일,700,-,1,2,2,26,85,62,4,5,-,-,388,51,32,12,18,-,-,12,-
12월,09일,667,-,2,-,1,34,81,67,1,4,1,-,352,50,26,16,19,-,-,13,-
12월,10일,473,-,1,-,1,25,55,34,-,3,-,-,283,36,9,9,8,-,-,9,-
12월,11일,521,-,2,1,-,27,64,54,2,3,-,1,269,25,37,8,11,-,-,17,-
12월,12일,570,-,1,1,-,21,73,35,-,1,-,-,327,33,32,10,21,-,-,15,-
12월,13일,582,-,-,-,-,18,71,57,1,3,-,-,322,40,22,9,26,-,-,13,-
12월,14일,580,-,2,-,2,32,65,53,1,2,-,-,321,39,14,11,14,-,-,24,-
12월,15일,634,-,2,1,1,20,71,51,3,2,-,-,383,35,25,12,14,-,-,14,-
12월,16일,629,-,4,1,-,29,72,63,1,3,-,-,364,30,21,6,18,1,-,16,-
12월,17일,465,-,2,-,1,22,58,39,1,5,-,-,278,18,15,8,11,-,-,7,-
12월,18일,574,-,3,-,-,31,61,45,-,4,-,-,328,34,21,6,22,-,-,19,-
12월,19일,581,-,-,-,-,19,63,53,1,4,-,-,323,50,22,11,21,-,-,14,-
12월,20일,664,-,-,-,2,28,78,56,1,5,-,1,366,36,38,14,22,-,-,17,-
12월,21일,686,-,1,-,2,29,71,53,4,-,-,-,390,53,35,17,20,-,-,11,-
12월,22일,762,-,2,-,1,40,79,68,2,3,-,-,423,58,32,18,22,-,-,14,-
12월,23일,693,-,1,-,1,32,70,69,4,6,-,1,396,45,19,19,18,-,-,12,-
12월,24일,466,-,1,-,-,31,51,37,2,2,-,-,272,25,12,10,17,-,-,6,-
12월,25일,398,-,2,1,-,16,60,38,1,1,-,-,223,22,13,4,9,1,-,7,-
12월,26일,574,-,-,-,-,27,62,54,1,2,-,-,326,40,26,11,19,-,-,6,-
12월,27일,549,-,1,-,-,25,79,48,-,2,-,-,301,33,29,9,17,-,-,5,-
12월,28일,511,-,3,-,1,27,60,28,1,4,-,-,289,33,30,13,11,-,-,11,-
12월,29일,675,-,3,1,1,38,84,59,1,3,-,-,366,47,23,14,20,-,-,15,-
12월,30일,485,-,3,-,-,33,56,42,2,5,-,-,277,23,22,10,6,-,-,5,1
12월,31일,441,-,3,-,-,22,57,46,2,2,-,-,257,20,14,7,4,-,-,7,-
,,,,,,,,,,,,,,,,,,,,,,
